sent_frame_id,carla_frame_id,carla_timestamp_s,gt_object_count
1,40226,350.028850,1
2,40227,350.128850,1
3,40228,350.228850,1
4,40230,350.428850,1
5,40232,350.628850,2
6,40234,350.828850,2
7,40236,351.028850,2
8,40238,351.228850,2
9,40240,351.428850,2
10,40242,351.628850,2
11,40245,351.928850,2
12,40246,352.028850,2
13,40248,352.228850,1
14,40250,352.428850,1
15,40252,352.628850,1
16,40254,352.828850,1
17,40256,353.028850,1
18,40258,353.228850,1
19,40260,353.428850,1
20,40262,353.628850,1
21,40264,353.828850,1
22,40266,354.028850,1
23,40268,354.228850,1
24,40270,354.428850,1
25,40272,354.628850,1
26,40274,354.828850,1
27,40276,355.028850,1
28,40278,355.228850,1
29,40280,355.428850,1
30,40282,355.628850,1
31,40284,355.828850,1
32,40286,356.028850,1
33,40288,356.228850,1
34,40290,356.428850,1
35,40292,356.628850,1
36,40294,356.828850,1
37,40296,357.028850,1
38,40298,357.228850,1
39,40300,357.428850,1
40,40302,357.628850,1
41,40304,357.828850,1
42,40306,358.028850,1
43,40308,358.228850,1
44,40310,358.428850,1
45,40312,358.628850,1
46,40314,358.828850,1
47,40316,359.028850,1
48,40318,359.228850,1
49,40321,359.528850,1
50,40322,359.628850,1
51,40324,359.828850,1
52,40326,360.028850,1
53,40328,360.228850,1
54,40330,360.428850,1
55,40332,360.628850,1
56,40334,360.828850,1
57,40336,361.028850,1
58,40338,361.228850,1
59,40340,361.428850,1
60,40342,361.628850,1
61,40344,361.828850,1
62,40346,362.028850,1
63,40348,362.228850,1
64,40350,362.428850,1
65,40352,362.628850,1
66,40354,362.828850,1
67,40356,363.028850,1
68,40358,363.228850,2
69,40360,363.428850,2
70,40362,363.628850,2
71,40364,363.828850,2
72,40366,364.028850,2
73,40368,364.228850,2
74,40370,364.428850,2
75,40372,364.628851,2
76,40374,364.828851,2
77,40376,365.028851,1
78,40378,365.228851,1
79,40380,365.428851,1
80,40382,365.628851,1
81,40384,365.828851,1
82,40386,366.028851,1
83,40388,366.228851,1
84,40390,366.428851,1
85,40392,366.628851,1
86,40394,366.828851,1
87,40396,367.028851,1
88,40398,367.228851,1
89,40400,367.428851,1
90,40402,367.628851,1
91,40404,367.828851,1
92,40406,368.028851,1
93,40408,368.228851,1
94,40410,368.428851,1
95,40412,368.628851,1
96,40414,368.828851,1
97,40416,369.028851,1
98,40418,369.228851,1
99,40420,369.428851,1
100,40422,369.628851,1
101,40424,369.828851,1
102,40426,370.028851,1
103,40428,370.228851,1
104,40430,370.428851,1
105,40432,370.628851,1
106,40434,370.828851,1
107,40436,371.028851,1
108,40438,371.228851,1
109,40440,371.428851,1
110,40442,371.628851,1
111,40444,371.828851,1
112,40446,372.028851,1
113,40448,372.228851,1
114,40450,372.428851,1
115,40452,372.628851,1
116,40454,372.828851,1
117,40456,373.028851,1
118,40458,373.228851,1
119,40460,373.428851,1
120,40462,373.628851,1
121,40464,373.828851,1
122,40466,374.028851,1
123,40468,374.228851,0
124,40470,374.428851,0
125,40472,374.628851,0
126,40474,374.828851,0
127,40476,375.028851,0
128,40478,375.228851,0
129,40480,375.428851,0
130,40482,375.628851,0
131,40484,375.828851,0
132,40486,376.028851,0
133,40488,376.228851,0
134,40490,376.428851,0
135,40492,376.628851,0
136,40495,376.928851,0
137,40496,377.028851,0
138,40498,377.228851,0
139,40500,377.428851,0
140,40502,377.628851,0
141,40504,377.828851,0
142,40506,378.028851,0
143,40508,378.228851,0
144,40510,378.428851,0
145,40512,378.628851,0
146,40514,378.828851,0
147,40516,379.028851,1
148,40518,379.228851,1
149,40522,379.628851,1
150,40524,379.828851,1
151,40526,380.028851,0
152,40528,380.228851,0
153,40531,380.528851,0
154,40532,380.628851,1
155,40535,380.928851,1
156,40536,381.028851,1
157,40538,381.228851,1
158,40540,381.428851,1
159,40542,381.628851,1
160,40544,381.828851,1
161,40546,382.028851,1
162,40548,382.228851,1
163,40550,382.428851,1
164,40552,382.628851,1
165,40555,382.928851,1
166,40556,383.028851,1
167,40558,383.228851,1
168,40561,383.528851,1
169,40562,383.628851,1
170,40564,383.828851,1
171,40567,384.128851,1
172,40569,384.328851,1
173,40570,384.428851,1
174,40572,384.628851,1
175,40575,384.928851,1
176,40576,385.028851,1
177,40578,385.228851,1
178,40581,385.528851,1
179,40582,385.628851,1
180,40585,385.928851,1
181,40587,386.128851,1
182,40589,386.328851,1
183,40591,386.528851,1
184,40592,386.628851,1
185,40595,386.928851,1
186,40597,387.128851,1
187,40598,387.228851,1
188,40601,387.528851,1
189,40602,387.628851,1
190,40604,387.828851,1
191,40607,388.128851,1
192,40608,388.228851,1
193,40611,388.528851,1
194,40612,388.628851,1
195,40614,388.828851,1
196,40617,389.128851,1
197,40619,389.328851,1
198,40620,389.428851,1
199,40623,389.728851,1
200,40624,389.828851,1
201,40626,390.028851,1
202,40629,390.328851,1
203,40631,390.528851,1
204,40632,390.628851,1
205,40634,390.828851,1
206,40637,391.128851,1
207,40638,391.228851,1
208,40640,391.428851,1
209,40643,391.728851,1
210,40644,391.828851,1
211,40646,392.028851,1
212,40649,392.328851,1
213,40651,392.528851,1
214,40652,392.628851,1
215,40655,392.928851,1
216,40657,393.128851,1
217,40659,393.328851,1
218,40660,393.428851,1
219,40663,393.728851,1
220,40665,393.928851,1
221,40667,394.128851,1
222,40668,394.228851,1
223,40671,394.528851,1
224,40673,394.728851,1
225,40674,394.828851,1
226,40676,395.028851,1
227,40679,395.328851,1
228,40681,395.528851,1
229,40683,395.728851,1
230,40684,395.828851,1
231,40686,396.028851,1
232,40689,396.328851,1
233,40691,396.528851,1
234,40692,396.628851,1
235,40695,396.928851,1
236,40696,397.028851,1
237,40699,397.328851,1
238,40701,397.528851,1
239,40702,397.628851,1
240,40705,397.928851,1
241,40707,398.128851,1
242,40709,398.328851,1
243,40710,398.428851,1
244,40713,398.728851,1
245,40715,398.928851,1
246,40716,399.028851,1
247,40719,399.328851,1
248,40721,399.528851,1
249,40722,399.628851,1
250,40725,399.928851,1
251,40726,400.028851,1
252,40728,400.228851,1
253,40731,400.528851,1
254,40732,400.628851,1
255,40734,400.828851,0
256,40737,401.128851,0
257,40738,401.228851,0
258,40741,401.528851,0
259,40743,401.728851,0
260,40744,401.828851,0
261,40746,402.028851,0
262,40749,402.328851,0
263,40750,402.428851,0
264,40753,402.728851,0
265,40754,402.828851,0
266,40757,403.128851,0
267,40759,403.328851,0
268,40760,403.428851,0
269,40763,403.728851,0
270,40764,403.828851,0
271,40767,404.128851,0
272,40768,404.228851,0
273,40770,404.428851,0
274,40773,404.728851,0
275,40775,404.928851,0
276,40776,405.028851,0
277,40779,405.328851,0
278,40780,405.428851,0
279,40783,405.728851,0
280,40785,405.928851,0
281,40786,406.028851,0
282,40788,406.228851,0
283,40791,406.528851,0
284,40793,406.728851,0
285,40794,406.828851,0
286,40796,407.028851,0
287,40799,407.328851,0
288,40801,407.528851,0
289,40802,407.628851,0
290,40804,407.828851,0
291,40807,408.128851,0
292,40808,408.228851,0
293,40811,408.528851,0
294,40812,408.628851,0
295,40815,408.928851,0
296,40817,409.128851,0
297,40818,409.228851,0
298,40821,409.528851,0
299,40823,409.728851,0
300,40824,409.828851,0
301,40827,410.128851,0
302,40829,410.328851,0
303,40830,410.428851,0
304,40833,410.728851,0
305,40834,410.828851,0
306,40837,411.128851,0
307,40839,411.328851,0
308,40840,411.428851,0
309,40843,411.728851,0
310,40845,411.928851,0
311,40846,412.028851,0
312,40849,412.328851,0
313,40850,412.428851,0
314,40853,412.728851,0
315,40855,412.928851,0
316,40856,413.028851,0
317,40859,413.328851,0
318,40860,413.428851,0
319,40863,413.728851,0
320,40865,413.928851,0
321,40866,414.028851,0
322,40869,414.328851,0
323,40870,414.428851,0
324,40872,414.628851,0
325,40875,414.928851,0
326,40876,415.028851,0
327,40879,415.328851,0
328,40880,415.428851,0
329,40883,415.728851,0
330,40885,415.928851,0
331,40887,416.128851,0
332,40888,416.228851,0
333,40891,416.528851,0
334,40893,416.728851,0
335,40894,416.828851,0
336,40897,417.128851,0
337,40898,417.228851,0
338,40900,417.428851,0
339,40903,417.728851,0
340,40904,417.828851,0
341,40907,418.128851,0
342,40908,418.228851,0
343,40911,418.528851,0
344,40913,418.728851,0
345,40914,418.828851,0
346,40916,419.028851,0
347,40919,419.328851,0
348,40920,419.428851,0
349,40923,419.728851,0
350,40925,419.928851,0
351,40926,420.028851,0
352,40929,420.328851,0
353,40930,420.428851,0
354,40933,420.728851,0
355,40935,420.928851,0
356,40936,421.028851,0
357,40939,421.328851,0
358,40941,421.528851,0
359,40943,421.728851,0
360,40944,421.828851,0
361,40947,422.128851,0
362,40949,422.328851,0
363,40951,422.528851,0
364,40952,422.628851,0
365,40955,422.928851,0
366,40957,423.128851,0
367,40959,423.328851,0
368,40960,423.428851,0
369,40963,423.728851,0
370,40965,423.928851,0
371,40967,424.128851,0
372,40969,424.328851,0
373,40970,424.428851,0
374,40972,424.628851,0
375,40974,424.828851,0
376,40977,425.128851,0
377,40978,425.228851,0
378,40981,425.528851,0
379,40983,425.728851,0
380,40985,425.928851,0
381,40986,426.028851,0
382,40989,426.328851,0
383,40990,426.428851,0
384,40993,426.728851,0
385,40995,426.928851,0
386,40996,427.028851,0
387,40999,427.328851,0
388,41001,427.528851,0
389,41002,427.628851,0
390,41005,427.928851,0
391,41007,428.128851,0
392,41008,428.228851,0
393,41011,428.528851,0
394,41012,428.628851,0
395,41015,428.928851,1
396,41017,429.128851,1
397,41018,429.228851,1
398,41021,429.528851,1
399,41023,429.728851,1
400,41024,429.828851,1
401,41027,430.128851,1
402,41029,430.328851,1
403,41030,430.428851,1
404,41033,430.728851,1
405,41034,430.828851,1
406,41037,431.128851,1
407,41039,431.328851,1
408,41040,431.428851,1
409,41043,431.728852,1
410,41044,431.828852,1
411,41047,432.128852,1
412,41048,432.228852,1
413,41051,432.528852,1
414,41052,432.628852,1
415,41054,432.828852,1
416,41057,433.128852,1
417,41059,433.328852,1
418,41061,433.528852,1
419,41062,433.628852,1
420,41065,433.928852,1
421,41066,434.028852,1
422,41069,434.328852,1
423,41070,434.428852,1
424,41073,434.728852,1
425,41074,434.828852,1
426,41077,435.128852,1
427,41078,435.228852,1
428,41081,435.528852,1
429,41083,435.728852,1
430,41084,435.828852,1
431,41087,436.128852,1
432,41089,436.328852,1
433,41090,436.428852,1
434,41092,436.628852,1
435,41095,436.928852,1
436,41096,437.028852,1
437,41098,437.228852,1
438,41101,437.528852,1
439,41102,437.628852,1
440,41105,437.928852,1
441,41106,438.028852,1
442,41109,438.328852,1
443,41111,438.528852,1
444,41112,438.628852,1
445,41114,438.828852,1
446,41116,439.028852,1
447,41119,439.328852,1
448,41120,439.428852,1
449,41123,439.728852,1
450,41124,439.828852,1
451,41127,440.128852,1
452,41128,440.228852,1
453,41131,440.528852,1
454,41132,440.628852,1
455,41134,440.828852,1
456,41136,441.028852,1
457,41139,441.328852,1
458,41140,441.428852,1
459,41143,441.728852,1
460,41144,441.828852,1
461,41147,442.128852,1
462,41149,442.328852,1
463,41150,442.428852,1
464,41153,442.728852,1
465,41154,442.828852,1
466,41157,443.128852,1
467,41159,443.328852,1
468,41160,443.428852,1
469,41162,443.628852,1
470,41165,443.928852,1
471,41166,444.028852,1
472,41168,444.228852,1
473,41171,444.528852,1
474,41172,444.628852,1
475,41175,444.928852,1
476,41177,445.128852,1
477,41178,445.228852,1
478,41181,445.528852,1
479,41183,445.728852,1
480,41184,445.828852,1
481,41187,446.128852,1
482,41189,446.328852,1
483,41191,446.528852,1
484,41192,446.628852,1
485,41195,446.928852,1
486,41196,447.028852,0
487,41199,447.328852,0
488,41201,447.528852,0
489,41203,447.728852,0
490,41204,447.828852,0
491,41207,448.128852,0
492,41208,448.228852,0
493,41211,448.528852,0
494,41213,448.728852,0
495,41215,448.928852,0
496,41216,449.028852,0
497,41219,449.328852,0
498,41221,449.528852,0
499,41222,449.628852,0
500,41225,449.928852,0
501,41227,450.128852,0
502,41228,450.228852,0
503,41231,450.528852,0
504,41233,450.728852,0
505,41234,450.828852,0
506,41237,451.128852,0
507,41239,451.328852,0
508,41241,451.528852,0
509,41242,451.628852,0
510,41245,451.928852,0
511,41247,452.128852,0
512,41248,452.228852,0
513,41251,452.528852,0
514,41252,452.628852,0
515,41255,452.928852,0
516,41257,453.128852,0
517,41258,453.228852,0
518,41261,453.528852,0
519,41262,453.628852,0
520,41265,453.928852,0
521,41267,454.128852,0
522,41268,454.228852,0
523,41271,454.528852,0
524,41272,454.628852,0
525,41275,454.928852,0
526,41277,455.128852,0
527,41278,455.228852,0
528,41281,455.528852,0
529,41282,455.628852,1
530,41284,455.828852,1
531,41286,456.028852,1
532,41289,456.328852,1
533,41291,456.528852,1
534,41292,456.628852,1
535,41295,456.928852,1
536,41297,457.128852,1
537,41298,457.228852,1
538,41300,457.428852,1
539,41303,457.728852,1
540,41304,457.828852,1
541,41307,458.128852,1
542,41308,458.228852,1
543,41310,458.428852,1
544,41313,458.728852,1
545,41315,458.928852,1
546,41316,459.028852,1
547,41318,459.228852,1
548,41320,459.428852,1
549,41322,459.628852,1
550,41324,459.828852,1
551,41326,460.028852,1
552,41329,460.328852,1
553,41331,460.528852,1
554,41333,460.728852,1
555,41335,460.928852,1
556,41337,461.128852,1
557,41338,461.228852,1
558,41340,461.428852,1
559,41342,461.628852,1
560,41344,461.828852,1
561,41346,462.028852,1
562,41349,462.328852,1
563,41351,462.528852,0
564,41353,462.728852,0
565,41354,462.828852,1
566,41357,463.128852,1
567,41359,463.328852,1
568,41360,463.428852,1
569,41362,463.628852,1
570,41365,463.928852,1
571,41367,464.128852,0
572,41368,464.228852,0
573,41370,464.428852,0
574,41372,464.628852,0
575,41375,464.928852,0
576,41377,465.128852,0
577,41379,465.328852,0
578,41380,465.428852,0
579,41382,465.628852,0
580,41384,465.828852,0
581,41387,466.128852,0
582,41388,466.228852,0
583,41390,466.428852,0
584,41393,466.728852,0
585,41394,466.828852,0
586,41396,467.028852,0
587,41399,467.328852,0
588,41401,467.528852,0
589,41402,467.628852,0
590,41404,467.828852,0
591,41407,468.128852,0
592,41409,468.328852,0
593,41410,468.428852,0
594,41413,468.728852,0
595,41415,468.928852,0
596,41416,469.028852,0
597,41418,469.228852,0
598,41420,469.428852,0
599,41423,469.728852,0
600,41424,469.828852,0
601,41427,470.128852,0
602,41428,470.228852,0
603,41431,470.528852,0
604,41433,470.728852,0
605,41434,470.828852,0
606,41436,471.028852,0
607,41438,471.228852,0
608,41441,471.528852,0
609,41443,471.728852,0
610,41444,471.828852,0
611,41446,472.028852,0
612,41449,472.328852,0
613,41450,472.428852,0
614,41452,472.628852,0
615,41455,472.928852,0
616,41457,473.128852,0
617,41458,473.228852,0
618,41460,473.428852,0
619,41462,473.628852,0
620,41464,473.828852,0
621,41467,474.128852,0
622,41468,474.228852,0
623,41470,474.428852,0
624,41473,474.728852,0
625,41474,474.828852,0
626,41476,475.028852,0
627,41479,475.328852,0
628,41480,475.428852,0
629,41483,475.728852,0
630,41485,475.928852,0
631,41486,476.028852,0
632,41488,476.228852,0
633,41490,476.428852,0
634,41492,476.628852,0
635,41495,476.928852,0
636,41496,477.028852,0
637,41499,477.328852,0
638,41500,477.428852,0
639,41502,477.628852,0
640,41505,477.928852,0
641,41506,478.028852,0
642,41509,478.328852,0
643,41510,478.428852,0
644,41513,478.728852,0
645,41514,478.828852,0
646,41516,479.028852,0
647,41519,479.328852,0
648,41520,479.428852,0
649,41523,479.728852,0
650,41524,479.828852,0
651,41527,480.128852,0
652,41528,480.228852,0
653,41530,480.428852,0
654,41532,480.628852,0
655,41535,480.928852,0
656,41537,481.128852,0
657,41538,481.228852,0
658,41541,481.528852,0
659,41542,481.628852,0
660,41545,481.928852,0
661,41546,482.028852,0
662,41548,482.228852,0
663,41550,482.428852,0
664,41553,482.728852,0
665,41555,482.928852,0
666,41556,483.028852,0
667,41559,483.328852,0
668,41560,483.428852,0
669,41563,483.728852,0
670,41564,483.828852,0
671,41567,484.128852,0
672,41569,484.328852,0
673,41570,484.428852,0
674,41573,484.728852,0
675,41575,484.928852,0
676,41576,485.028852,0
677,41578,485.228852,0
678,41581,485.528852,0
679,41582,485.628852,0
680,41585,485.928852,0
681,41586,486.028852,0
682,41589,486.328852,0
683,41590,486.428852,0
684,41593,486.728852,0
685,41595,486.928852,0
686,41596,487.028852,0
687,41598,487.228852,0
688,41601,487.528852,0
689,41602,487.628852,0
690,41605,487.928852,0
691,41607,488.128852,0
692,41608,488.228852,0
693,41610,488.428852,0
694,41613,488.728852,0
695,41614,488.828852,0
696,41617,489.128852,0
697,41619,489.328852,0
698,41620,489.428852,0
699,41623,489.728852,0
700,41625,489.928852,0
701,41627,490.128852,0
702,41629,490.328852,0
703,41630,490.428852,0
704,41633,490.728852,0
705,41635,490.928852,0
706,41636,491.028852,0
707,41639,491.328852,0
708,41641,491.528852,0
709,41642,491.628852,0
710,41644,491.828852,0
711,41647,492.128852,0
712,41649,492.328852,0
713,41651,492.528852,0
714,41652,492.628852,0
715,41654,492.828852,0
716,41656,493.028852,0
717,41659,493.328852,0
718,41661,493.528852,0
719,41662,493.628852,0
720,41665,493.928852,0
721,41666,494.028852,0
722,41668,494.228852,0
723,41671,494.528852,0
724,41672,494.628852,0
725,41674,494.828852,0
726,41677,495.128852,0
727,41678,495.228852,0
728,41680,495.428852,0
729,41682,495.628852,0
730,41685,495.928852,0
731,41686,496.028852,0
732,41688,496.228852,0
733,41690,496.428852,0
734,41692,496.628852,0
735,41694,496.828852,0
736,41696,497.028852,0
737,41698,497.228852,0
738,41700,497.428852,0
739,41702,497.628852,0
740,41704,497.828852,0
741,41706,498.028852,0
742,41708,498.228852,0
743,41710,498.428852,0
744,41712,498.628852,0
745,41714,498.828853,0
746,41716,499.028853,0
747,41718,499.228853,0
748,41720,499.428853,0
749,41722,499.628853,0
750,41724,499.828853,0
751,41726,500.028853,0
752,41728,500.228853,0
753,41730,500.428853,0
754,41732,500.628853,0
755,41734,500.828853,0
756,41736,501.028853,0
757,41738,501.228853,0
758,41740,501.428853,0
759,41742,501.628853,0
760,41744,501.828853,0
761,41746,502.028853,0
762,41749,502.328853,0
763,41750,502.428853,0
764,41753,502.728853,0
765,41754,502.828853,0
766,41757,503.128853,0
767,41758,503.228853,0
768,41761,503.528853,0
769,41763,503.728853,0
770,41764,503.828853,0
771,41767,504.128853,0
772,41768,504.228853,0
773,41771,504.528853,0
774,41772,504.628853,0
775,41775,504.928853,0
776,41776,505.028853,0
777,41779,505.328853,0
778,41780,505.428853,0
779,41783,505.728853,0
780,41784,505.828853,0
781,41787,506.128853,0
782,41789,506.328853,0
783,41791,506.528853,0
784,41793,506.728853,0
785,41794,506.828853,0
786,41797,507.128853,0
787,41798,507.228853,0
788,41801,507.528853,0
789,41803,507.728853,0
790,41805,507.928853,0
791,41806,508.028853,0
792,41808,508.228853,0
793,41811,508.528853,0
794,41812,508.628853,0
795,41815,508.928853,0
796,41816,509.028853,0
797,41819,509.328853,0
798,41820,509.428853,0
799,41823,509.728853,0
800,41824,509.828853,0
801,41826,510.028853,0
802,41828,510.228853,0
803,41831,510.528853,0
804,41832,510.628853,0
805,41835,510.928853,0
806,41837,511.128853,0
807,41838,511.228853,0
808,41840,511.428853,0
809,41842,511.628853,0
810,41845,511.928853,0
811,41847,512.128853,0
812,41848,512.228853,0
813,41851,512.528853,0
814,41852,512.628853,0
815,41854,512.828853,0
816,41857,513.128853,0
817,41858,513.228853,0
818,41860,513.428853,0
819,41863,513.728853,0
820,41864,513.828853,0
821,41866,514.028853,0
822,41868,514.228853,0
823,41870,514.428853,0
824,41873,514.728853,0
825,41874,514.828853,0
826,41876,515.028853,0
827,41879,515.328853,0
828,41880,515.428853,0
829,41883,515.728853,0
830,41885,515.928853,0
831,41886,516.028853,0
832,41889,516.328853,0
833,41890,516.428853,0
834,41893,516.728853,0
835,41895,516.928853,0
836,41896,517.028853,0
837,41899,517.328853,0
838,41901,517.528853,0
839,41903,517.728853,0
840,41904,517.828853,0
841,41907,518.128853,0
842,41909,518.328853,0
843,41910,518.428853,0
844,41913,518.728853,0
845,41915,518.928853,0
846,41916,519.028853,0
847,41919,519.328853,0
848,41920,519.428853,0
849,41922,519.628853,0
850,41925,519.928853,0
851,41926,520.028853,0
852,41929,520.328853,0
853,41931,520.528853,0
854,41932,520.628853,0
855,41934,520.828853,0
856,41937,521.128853,0
857,41938,521.228853,0
858,41940,521.428853,0
859,41943,521.728853,0
860,41945,521.928853,0
861,41946,522.028853,0
862,41948,522.228853,0
863,41951,522.528853,0
864,41953,522.728853,0
865,41954,522.828853,0
866,41957,523.128853,0
867,41959,523.328853,0
868,41961,523.528853,0
869,41962,523.628853,0
870,41964,523.828853,0
871,41967,524.128853,0
872,41969,524.328853,0
873,41971,524.528853,0
874,41972,524.628853,0
875,41975,524.928853,0
876,41978,525.228853,0
877,41979,525.328853,0
878,41980,525.428853,0
879,41982,525.628853,0
880,41985,525.928853,0
881,41987,526.128853,0
882,41989,526.328853,0
883,41990,526.428853,0
884,41993,526.728853,0
885,41995,526.928853,0
886,41997,527.128853,0
887,41998,527.228853,0
888,42001,527.528853,0
889,42003,527.728853,0
890,42004,527.828853,0
891,42007,528.128853,0
892,42009,528.328853,0
893,42010,528.428853,0
894,42013,528.728853,0
895,42014,528.828853,0
896,42016,529.028853,0
897,42019,529.328853,0
898,42021,529.528853,0
899,42022,529.628853,0
900,42024,529.828853,0
901,42026,530.028853,0
902,42029,530.328853,0
903,42031,530.528853,0
904,42032,530.628853,0
905,42034,530.828853,0
906,42037,531.128853,0
907,42038,531.228853,0
908,42040,531.428853,0
909,42043,531.728853,0
910,42044,531.828853,0
911,42046,532.028853,0
912,42049,532.328853,0
913,42051,532.528853,0
914,42052,532.628853,0
915,42055,532.928853,0
916,42057,533.128853,0
917,42058,533.228853,0
918,42061,533.528853,0
919,42063,533.728853,0
920,42065,533.928853,0
921,42066,534.028853,0
922,42069,534.328853,0
923,42071,534.528853,0
924,42072,534.628853,0
925,42074,534.828853,0
926,42077,535.128853,0
927,42078,535.228853,0
928,42081,535.528853,0
929,42082,535.628853,0
930,42085,535.928853,0
931,42087,536.128853,0
932,42088,536.228853,0
933,42091,536.528853,0
934,42092,536.628853,0
935,42095,536.928853,0
936,42097,537.128853,0
937,42099,537.328853,0
938,42101,537.528853,0
939,42102,537.628853,0
940,42104,537.828853,0
941,42107,538.128853,0
942,42109,538.328853,0
943,42110,538.428853,0
944,42112,538.628853,0
945,42114,538.828853,0
946,42117,539.128853,0
947,42119,539.328853,0
948,42120,539.428853,0
949,42123,539.728853,0
950,42124,539.828853,0
951,42127,540.128853,0
952,42129,540.328853,0
953,42131,540.528853,0
954,42132,540.628853,0
955,42135,540.928853,0
956,42136,541.028853,0
957,42138,541.228853,0
958,42141,541.528853,0
959,42142,541.628853,0
960,42145,541.928853,0
961,42146,542.028853,0
962,42149,542.328853,0
963,42151,542.528853,0
964,42152,542.628853,0
965,42154,542.828853,0
966,42156,543.028853,0
967,42159,543.328853,0
968,42160,543.428853,0
969,42162,543.628853,0
970,42165,543.928853,0
971,42166,544.028853,1
972,42169,544.328853,1
973,42170,544.428853,1
974,42172,544.628853,1
975,42175,544.928853,1
976,42176,545.028853,1
977,42180,545.428853,1
978,42181,545.528853,1
979,42183,545.728853,1
980,42185,545.928853,1
981,42186,546.028853,1
982,42189,546.328853,1
983,42190,546.428853,1
984,42193,546.728853,1
985,42194,546.828853,1
986,42197,547.128853,1
987,42199,547.328853,1
988,42201,547.528853,1
989,42202,547.628853,1
990,42205,547.928853,1
991,42206,548.028853,1
992,42209,548.328853,1
993,42210,548.428853,1
994,42213,548.728853,1
995,42214,548.828853,1
996,42217,549.128853,0
997,42218,549.228853,0
998,42221,549.528853,0
999,42222,549.628853,0
1000,42225,549.928853,0
1001,42226,550.028853,0
1002,42228,550.228853,0
1003,42231,550.528853,0
1004,42232,550.628853,0
1005,42235,550.928853,0
1006,42236,551.028853,1
1007,42239,551.328853,1
1008,42240,551.428853,1
1009,42243,551.728853,1
1010,42245,551.928853,1
1011,42246,552.028853,1
1012,42249,552.328853,1
1013,42250,552.428853,1
1014,42253,552.728853,1
1015,42254,552.828853,1
1016,42257,553.128853,1
1017,42258,553.228853,1
1018,42260,553.428853,1
1019,42263,553.728853,1
1020,42264,553.828853,1
1021,42267,554.128853,1
1022,42269,554.328853,1
1023,42270,554.428853,1
1024,42273,554.728853,1
1025,42274,554.828853,1
1026,42276,555.028853,1
1027,42279,555.328853,2
1028,42281,555.528853,2
1029,42283,555.728853,2
