sent_frame_id,carla_frame_id,class_id,class_name,x1,y1,x2,y2,distance_m,actor_id,carla_type_id
1,40226,7,truck,303.86,206.59,336.07,237.06,28.766,202,vehicle.carlamotors.carlacola
2,40227,7,truck,303.86,206.47,336.07,236.94,28.766,202,vehicle.carlamotors.carlacola
3,40228,7,truck,303.86,206.42,336.07,236.90,28.766,202,vehicle.carlamotors.carlacola
4,40230,7,truck,303.86,206.41,336.07,236.88,28.766,202,vehicle.carlamotors.carlacola
5,40232,7,truck,303.86,206.40,336.07,236.87,28.766,202,vehicle.carlamotors.carlacola
5,40232,0,person,630.26,206.53,639.00,279.96,12.256,234,walker.pedestrian.0008
6,40234,7,truck,303.86,206.40,336.07,236.87,28.766,202,vehicle.carlamotors.carlacola
6,40234,0,person,622.55,206.75,639.00,278.10,12.453,234,walker.pedestrian.0008
7,40236,7,truck,303.86,206.40,336.07,236.87,28.766,202,vehicle.carlamotors.carlacola
7,40236,0,person,616.34,206.95,639.00,276.40,12.666,234,walker.pedestrian.0008
8,40238,7,truck,303.86,206.40,336.07,236.87,28.766,202,vehicle.carlamotors.carlacola
8,40238,0,person,611.48,207.15,639.00,274.80,12.892,234,walker.pedestrian.0008
9,40240,7,truck,303.86,206.40,336.07,236.87,28.766,202,vehicle.carlamotors.carlacola
9,40240,0,person,606.58,207.34,639.00,273.17,13.119,234,walker.pedestrian.0008
10,40242,7,truck,303.72,205.97,335.98,236.48,28.733,202,vehicle.carlamotors.carlacola
10,40242,0,person,603.03,207.06,639.00,271.48,13.310,234,walker.pedestrian.0008
11,40245,7,truck,302.77,204.71,335.41,235.60,28.432,202,vehicle.carlamotors.carlacola
11,40245,0,person,611.41,205.69,639.00,271.84,13.168,234,walker.pedestrian.0008
12,40246,7,truck,301.71,204.64,334.92,236.08,27.983,202,vehicle.carlamotors.carlacola
12,40246,0,person,630.11,205.33,639.00,275.76,12.816,234,walker.pedestrian.0008
13,40248,7,truck,302.05,204.97,335.91,236.99,27.499,202,vehicle.carlamotors.carlacola
14,40250,7,truck,303.69,205.64,338.06,238.14,27.130,202,vehicle.carlamotors.carlacola
15,40252,7,truck,304.25,206.54,338.76,239.15,27.031,202,vehicle.carlamotors.carlacola
16,40254,7,truck,304.85,207.02,339.07,239.36,27.237,202,vehicle.carlamotors.carlacola
17,40256,7,truck,305.39,207.37,338.87,239.01,27.773,202,vehicle.carlamotors.carlacola
18,40258,7,truck,304.92,206.65,337.68,237.61,28.329,202,vehicle.carlamotors.carlacola
19,40260,7,truck,304.79,206.13,337.00,236.56,28.777,202,vehicle.carlamotors.carlacola
20,40262,7,truck,304.60,206.00,336.38,236.04,29.122,202,vehicle.carlamotors.carlacola
21,40264,7,truck,304.36,206.08,335.81,235.81,29.399,202,vehicle.carlamotors.carlacola
22,40266,7,truck,304.20,206.30,335.37,235.77,29.640,202,vehicle.carlamotors.carlacola
23,40268,7,truck,304.08,206.62,334.95,235.80,29.900,202,vehicle.carlamotors.carlacola
24,40270,7,truck,303.90,206.80,334.49,235.71,30.156,202,vehicle.carlamotors.carlacola
25,40272,7,truck,303.48,206.67,333.90,235.42,30.306,202,vehicle.carlamotors.carlacola
26,40274,7,truck,304.19,206.63,334.56,235.36,30.349,202,vehicle.carlamotors.carlacola
27,40276,7,truck,305.73,206.54,336.18,235.33,30.282,202,vehicle.carlamotors.carlacola
28,40278,7,truck,306.10,206.47,336.72,235.42,30.129,202,vehicle.carlamotors.carlacola
29,40280,7,truck,306.67,206.76,337.42,235.83,30.011,202,vehicle.carlamotors.carlacola
30,40282,7,truck,306.14,207.13,336.88,236.19,30.012,202,vehicle.carlamotors.carlacola
31,40284,7,truck,305.22,208.04,335.76,236.96,30.182,202,vehicle.carlamotors.carlacola
32,40286,7,truck,305.22,208.16,335.39,236.73,30.520,202,vehicle.carlamotors.carlacola
33,40288,7,truck,304.98,207.92,334.72,236.08,30.923,202,vehicle.carlamotors.carlacola
34,40290,7,truck,304.79,207.86,334.09,235.60,31.353,202,vehicle.carlamotors.carlacola
35,40292,7,truck,304.80,208.21,333.54,235.43,31.902,202,vehicle.carlamotors.carlacola
36,40294,7,truck,304.73,208.04,332.93,234.74,32.465,202,vehicle.carlamotors.carlacola
37,40296,7,truck,305.65,207.48,333.43,233.84,32.918,202,vehicle.carlamotors.carlacola
38,40298,7,truck,307.17,207.21,334.65,233.26,33.259,202,vehicle.carlamotors.carlacola
39,40300,7,truck,307.69,207.27,334.96,233.13,33.490,202,vehicle.carlamotors.carlacola
40,40302,7,truck,308.16,207.37,335.30,233.11,33.633,202,vehicle.carlamotors.carlacola
41,40304,7,truck,307.47,207.69,334.48,233.29,33.780,202,vehicle.carlamotors.carlacola
42,40306,7,truck,306.13,208.03,332.93,233.44,34.024,202,vehicle.carlamotors.carlacola
43,40308,7,truck,305.99,208.28,332.46,233.39,34.407,202,vehicle.carlamotors.carlacola
44,40310,7,truck,305.88,208.35,331.94,233.07,34.901,202,vehicle.carlamotors.carlacola
45,40312,7,truck,305.64,208.13,331.32,232.48,35.383,202,vehicle.carlamotors.carlacola
46,40314,7,truck,306.47,207.97,331.85,232.05,35.771,202,vehicle.carlamotors.carlacola
47,40316,7,truck,308.02,208.14,333.13,231.96,36.130,202,vehicle.carlamotors.carlacola
48,40318,7,truck,308.56,208.27,333.41,231.84,36.476,202,vehicle.carlamotors.carlacola
49,40321,7,truck,308.97,208.08,333.62,231.46,36.767,202,vehicle.carlamotors.carlacola
50,40322,7,truck,308.12,208.06,332.62,231.29,36.963,202,vehicle.carlamotors.carlacola
51,40324,7,truck,306.24,208.02,330.65,231.17,37.092,202,vehicle.carlamotors.carlacola
52,40326,7,truck,305.56,208.00,329.94,231.12,37.140,202,vehicle.carlamotors.carlacola
53,40328,7,truck,305.09,208.37,329.42,231.44,37.205,202,vehicle.carlamotors.carlacola
54,40330,7,truck,305.99,208.43,330.22,231.42,37.349,202,vehicle.carlamotors.carlacola
55,40332,7,truck,307.72,208.43,331.76,231.20,37.623,202,vehicle.carlamotors.carlacola
56,40334,7,truck,308.38,208.54,332.14,231.05,38.031,202,vehicle.carlamotors.carlacola
57,40336,7,truck,308.92,208.35,332.39,230.58,38.471,202,vehicle.carlamotors.carlacola
58,40338,7,truck,309.36,208.26,332.54,230.23,38.915,202,vehicle.carlamotors.carlacola
59,40340,7,truck,305.27,208.52,328.14,230.18,39.408,202,vehicle.carlamotors.carlacola
60,40342,7,truck,277.45,208.99,300.34,230.51,40.018,202,vehicle.carlamotors.carlacola
61,40344,7,truck,229.97,209.23,253.85,230.97,40.662,202,vehicle.carlamotors.carlacola
62,40346,7,truck,167.76,209.22,194.38,231.93,41.317,202,vehicle.carlamotors.carlacola
63,40348,7,truck,94.64,208.26,127.10,232.89,41.978,202,vehicle.carlamotors.carlacola
64,40350,7,truck,91.08,206.07,123.91,230.63,42.321,202,vehicle.carlamotors.carlacola
65,40352,7,truck,137.93,206.56,166.78,229.48,42.461,202,vehicle.carlamotors.carlacola
66,40354,7,truck,183.70,207.73,209.48,229.33,42.559,202,vehicle.carlamotors.carlacola
67,40356,7,truck,218.92,208.85,242.84,229.59,42.750,202,vehicle.carlamotors.carlacola
68,40358,7,truck,232.79,209.31,256.13,229.69,42.983,202,vehicle.carlamotors.carlacola
68,40358,0,person,504.57,189.33,511.90,197.87,59.567,228,walker.pedestrian.0014
69,40360,7,truck,216.00,209.28,240.10,229.80,43.281,202,vehicle.carlamotors.carlacola
69,40360,0,person,489.90,189.00,496.99,197.47,58.978,228,walker.pedestrian.0014
70,40362,7,truck,206.48,208.87,231.10,229.48,43.474,202,vehicle.carlamotors.carlacola
70,40362,0,person,484.90,188.57,491.99,197.10,58.329,228,walker.pedestrian.0014
71,40364,7,truck,194.78,208.70,220.21,229.50,43.578,202,vehicle.carlamotors.carlacola
71,40364,0,person,478.64,188.12,485.72,196.70,57.575,228,walker.pedestrian.0014
72,40366,7,truck,189.38,208.46,215.61,229.50,43.573,202,vehicle.carlamotors.carlacola
72,40366,0,person,480.44,187.87,487.69,196.61,56.753,228,walker.pedestrian.0014
73,40368,7,truck,196.84,208.71,222.86,229.69,43.501,202,vehicle.carlamotors.carlacola
73,40368,0,person,496.15,187.12,503.84,196.18,55.959,228,walker.pedestrian.0014
74,40370,7,truck,211.19,209.08,236.64,229.77,43.530,202,vehicle.carlamotors.carlacola
74,40370,0,person,520.16,186.59,528.53,196.07,55.329,228,walker.pedestrian.0014
75,40372,7,truck,242.28,209.20,266.24,229.31,43.741,202,vehicle.carlamotors.carlacola
75,40372,0,person,567.72,184.97,577.49,195.21,55.022,228,walker.pedestrian.0014
76,40374,7,truck,266.34,209.53,289.14,229.13,44.181,202,vehicle.carlamotors.carlacola
76,40374,0,person,610.61,181.71,621.85,192.71,54.892,228,walker.pedestrian.0014
77,40376,7,truck,281.11,209.31,303.23,228.57,44.683,202,vehicle.carlamotors.carlacola
78,40378,7,truck,285.48,209.24,307.29,228.29,45.193,202,vehicle.carlamotors.carlacola
79,40380,7,truck,276.21,209.44,297.91,228.23,45.731,202,vehicle.carlamotors.carlacola
80,40382,7,truck,272.62,209.52,294.09,228.05,46.330,202,vehicle.carlamotors.carlacola
81,40384,7,truck,271.20,209.25,292.46,227.58,46.853,202,vehicle.carlamotors.carlacola
82,40386,7,truck,271.41,209.09,292.46,227.23,47.273,202,vehicle.carlamotors.carlacola
83,40388,7,truck,273.96,209.06,294.82,227.06,47.594,202,vehicle.carlamotors.carlacola
84,40390,7,truck,276.22,209.10,296.93,226.99,47.828,202,vehicle.carlamotors.carlacola
85,40392,7,truck,278.61,209.32,299.19,227.12,48.028,202,vehicle.carlamotors.carlacola
86,40394,7,truck,280.44,209.63,300.86,227.32,48.276,202,vehicle.carlamotors.carlacola
87,40396,7,truck,281.72,209.91,301.84,227.35,48.617,202,vehicle.carlamotors.carlacola
88,40398,7,truck,282.72,209.96,302.63,227.23,49.056,202,vehicle.carlamotors.carlacola
89,40400,7,truck,283.53,209.71,303.24,226.81,49.503,202,vehicle.carlamotors.carlacola
90,40402,7,truck,284.48,209.82,303.96,226.73,49.883,202,vehicle.carlamotors.carlacola
91,40404,7,truck,285.46,209.96,304.77,226.74,50.251,202,vehicle.carlamotors.carlacola
92,40406,7,truck,286.41,210.02,305.55,226.67,50.621,202,vehicle.carlamotors.carlacola
93,40408,7,truck,287.10,209.71,306.11,226.25,50.899,202,vehicle.carlamotors.carlacola
94,40410,7,truck,287.84,209.62,306.77,226.11,51.056,202,vehicle.carlamotors.carlacola
95,40412,7,truck,288.58,209.60,307.47,226.07,51.113,202,vehicle.carlamotors.carlacola
96,40414,7,truck,289.20,209.67,308.10,226.15,51.074,202,vehicle.carlamotors.carlacola
97,40416,7,truck,290.09,210.19,308.95,226.66,51.103,202,vehicle.carlamotors.carlacola
98,40418,7,truck,290.91,210.59,309.68,226.99,51.297,202,vehicle.carlamotors.carlacola
99,40420,7,truck,291.52,210.82,310.13,227.08,51.683,202,vehicle.carlamotors.carlacola
100,40422,7,truck,292.17,210.72,310.56,226.81,52.199,202,vehicle.carlamotors.carlacola
101,40424,7,truck,292.93,210.46,311.10,226.38,52.736,202,vehicle.carlamotors.carlacola
102,40426,7,truck,293.60,210.36,311.56,226.11,53.275,202,vehicle.carlamotors.carlacola
103,40428,7,truck,294.30,210.59,312.03,226.15,53.883,202,vehicle.carlamotors.carlacola
104,40430,7,truck,294.85,210.37,312.34,225.74,54.503,202,vehicle.carlamotors.carlacola
105,40432,7,truck,294.44,210.09,311.77,225.32,55.013,202,vehicle.carlamotors.carlacola
106,40434,7,truck,293.41,210.01,310.61,225.12,55.415,202,vehicle.carlamotors.carlacola
107,40436,7,truck,293.09,210.00,310.19,225.03,55.717,202,vehicle.carlamotors.carlacola
108,40438,7,truck,292.77,210.06,309.80,225.03,55.933,202,vehicle.carlamotors.carlacola
109,40440,7,truck,292.58,210.35,309.54,225.26,56.142,202,vehicle.carlamotors.carlacola
110,40442,7,truck,293.46,210.64,310.31,225.47,56.424,202,vehicle.carlamotors.carlacola
111,40444,7,truck,294.92,210.86,311.63,225.58,56.807,202,vehicle.carlamotors.carlacola
112,40446,7,truck,295.56,210.90,312.10,225.49,57.280,202,vehicle.carlamotors.carlacola
113,40448,7,truck,295.17,210.62,311.58,225.09,57.747,202,vehicle.carlamotors.carlacola
114,40450,7,truck,294.08,210.43,310.38,224.80,58.134,202,vehicle.carlamotors.carlacola
115,40452,7,truck,293.82,210.53,310.01,224.81,58.507,202,vehicle.carlamotors.carlacola
116,40454,7,truck,293.61,210.61,309.69,224.80,58.880,202,vehicle.carlamotors.carlacola
117,40456,7,truck,293.29,210.37,309.28,224.48,59.186,202,vehicle.carlamotors.carlacola
118,40458,7,truck,292.89,210.31,308.83,224.37,59.384,202,vehicle.carlamotors.carlacola
119,40460,7,truck,292.30,210.28,308.21,224.31,59.490,202,vehicle.carlamotors.carlacola
120,40462,7,truck,291.66,210.30,307.58,224.34,59.505,202,vehicle.carlamotors.carlacola
121,40464,7,truck,291.29,210.70,307.20,224.72,59.548,202,vehicle.carlamotors.carlacola
122,40466,7,truck,292.17,211.02,308.02,225.01,59.706,202,vehicle.carlamotors.carlacola
147,40516,0,person,627.98,162.67,638.22,175.77,50.651,228,walker.pedestrian.0014
148,40518,0,person,551.52,168.69,559.61,180.26,50.167,228,walker.pedestrian.0014
149,40522,0,person,564.63,168.33,573.42,180.28,49.432,228,walker.pedestrian.0014
150,40524,0,person,632.80,164.04,639.00,177.54,49.210,228,walker.pedestrian.0014
154,40532,0,person,578.17,184.09,587.40,196.61,47.746,228,walker.pedestrian.0014
155,40535,0,person,509.40,192.45,516.96,203.63,47.362,228,walker.pedestrian.0014
156,40536,0,person,459.95,195.62,466.62,206.06,47.086,228,walker.pedestrian.0014
157,40538,0,person,421.26,194.42,427.36,204.51,46.793,228,walker.pedestrian.0014
158,40540,0,person,420.20,194.60,426.36,204.73,46.472,228,walker.pedestrian.0014
159,40542,0,person,437.19,194.75,443.60,205.16,46.125,228,walker.pedestrian.0014
160,40544,0,person,466.29,197.23,473.28,208.04,45.780,228,walker.pedestrian.0014
161,40546,0,person,491.21,197.47,498.74,208.75,45.436,228,walker.pedestrian.0014
162,40548,0,person,462.06,198.12,468.99,209.14,44.983,228,walker.pedestrian.0014
163,40550,0,person,406.98,199.83,413.33,210.32,44.565,228,walker.pedestrian.0014
164,40552,0,person,353.59,200.48,359.67,210.71,44.202,228,walker.pedestrian.0014
165,40555,0,person,301.97,200.64,308.10,210.88,43.769,228,walker.pedestrian.0014
166,40556,0,person,260.77,200.15,267.61,210.64,43.466,228,walker.pedestrian.0014
167,40558,0,person,268.69,199.50,275.51,210.08,43.129,228,walker.pedestrian.0014
168,40561,0,person,304.85,199.39,311.47,209.94,42.731,228,walker.pedestrian.0014
169,40562,0,person,339.71,199.28,346.28,209.94,42.226,228,walker.pedestrian.0014
170,40564,0,person,369.40,198.91,376.03,209.79,41.644,228,walker.pedestrian.0014
171,40567,0,person,377.02,198.38,383.65,209.53,40.958,228,walker.pedestrian.0014
172,40569,0,person,361.80,199.66,368.15,210.93,40.299,228,walker.pedestrian.0014
173,40570,0,person,350.92,201.58,357.14,212.95,39.794,228,walker.pedestrian.0014
174,40572,0,person,336.88,203.55,342.96,215.02,39.462,228,walker.pedestrian.0014
175,40575,0,person,332.50,205.01,338.93,216.55,39.222,228,walker.pedestrian.0014
176,40576,0,person,337.35,206.26,343.92,217.87,39.039,228,walker.pedestrian.0014
177,40578,0,person,339.77,207.78,346.41,219.44,38.904,228,walker.pedestrian.0014
178,40581,0,person,341.21,209.07,347.87,220.75,38.841,228,walker.pedestrian.0014
179,40582,0,person,342.14,209.70,348.80,221.38,38.774,228,walker.pedestrian.0014
180,40585,0,person,342.80,210.42,349.49,222.16,38.584,228,walker.pedestrian.0014
181,40587,0,person,343.81,211.58,350.56,223.44,38.187,228,walker.pedestrian.0014
182,40589,0,person,345.78,212.88,353.42,224.90,37.890,228,walker.pedestrian.0014
183,40591,0,person,348.15,214.61,355.91,226.80,37.334,228,walker.pedestrian.0014
184,40592,0,person,351.75,216.06,359.50,228.40,36.871,228,walker.pedestrian.0014
185,40595,0,person,356.05,217.17,363.68,229.64,36.433,228,walker.pedestrian.0014
186,40597,0,person,360.94,218.59,368.39,231.20,36.023,228,walker.pedestrian.0014
187,40598,0,person,366.06,219.81,373.24,232.55,35.629,228,walker.pedestrian.0014
188,40601,0,person,370.75,220.59,377.57,233.44,35.263,228,walker.pedestrian.0014
189,40602,0,person,374.17,221.32,381.23,234.24,34.958,228,walker.pedestrian.0014
190,40604,0,person,376.39,221.78,384.07,234.76,34.671,228,walker.pedestrian.0014
191,40607,0,person,378.96,222.12,387.00,235.24,34.243,228,walker.pedestrian.0014
192,40608,0,person,381.97,222.73,390.26,236.05,33.717,228,walker.pedestrian.0014
193,40611,0,person,385.52,224.56,394.05,238.12,33.106,228,walker.pedestrian.0014
194,40612,0,person,389.43,225.29,398.21,239.13,32.468,228,walker.pedestrian.0014
195,40614,0,person,393.24,226.27,402.25,240.39,31.893,228,walker.pedestrian.0014
196,40617,0,person,396.40,227.07,405.61,241.40,31.435,228,walker.pedestrian.0014
197,40619,0,person,398.72,227.64,408.09,242.16,31.077,228,walker.pedestrian.0014
198,40620,0,person,400.47,228.08,409.97,242.75,30.781,228,walker.pedestrian.0014
199,40623,0,person,401.87,228.56,411.49,243.34,30.547,228,walker.pedestrian.0014
200,40624,0,person,402.98,229.05,412.68,243.92,30.380,228,walker.pedestrian.0014
201,40626,0,person,403.80,229.38,413.56,244.30,30.262,228,walker.pedestrian.0014
202,40629,0,person,404.80,229.50,414.64,244.52,30.073,228,walker.pedestrian.0014
203,40631,0,person,406.19,229.91,416.16,245.08,29.794,228,walker.pedestrian.0014
204,40632,0,person,407.94,230.50,418.09,245.85,29.437,228,walker.pedestrian.0014
205,40634,0,person,410.00,231.20,420.36,246.79,29.012,228,walker.pedestrian.0014
206,40637,0,person,412.21,232.05,422.82,247.91,28.552,228,walker.pedestrian.0014
207,40638,0,person,414.51,232.93,425.39,249.06,28.084,228,walker.pedestrian.0014
208,40640,0,person,416.77,233.87,427.91,250.28,27.637,228,walker.pedestrian.0014
209,40643,0,person,418.71,234.77,430.09,251.43,27.250,228,walker.pedestrian.0014
210,40644,0,person,420.39,235.51,431.99,252.38,26.920,228,walker.pedestrian.0014
211,40646,0,person,422.30,235.89,434.16,253.03,26.499,228,walker.pedestrian.0014
212,40649,0,person,424.79,236.73,437.00,254.24,25.980,228,walker.pedestrian.0014
213,40651,0,person,427.79,237.83,440.43,255.77,25.387,228,walker.pedestrian.0014
214,40652,0,person,431.21,239.12,444.36,257.58,24.735,228,walker.pedestrian.0014
215,40655,0,person,434.61,240.80,448.27,259.74,24.144,228,walker.pedestrian.0014
216,40657,0,person,437.50,242.22,451.59,261.56,23.679,228,walker.pedestrian.0014
217,40659,0,person,440.70,243.76,455.26,263.54,23.197,228,walker.pedestrian.0014
218,40660,0,person,441.56,244.16,456.25,264.05,23.073,228,walker.pedestrian.0014
219,40663,0,person,443.03,244.94,457.93,265.02,22.872,228,walker.pedestrian.0014
220,40665,0,person,444.15,245.68,459.21,265.90,22.730,228,walker.pedestrian.0014
221,40667,0,person,444.76,246.36,459.90,266.63,22.663,228,walker.pedestrian.0014
222,40668,0,person,445.39,246.70,460.62,267.04,22.579,228,walker.pedestrian.0014
223,40671,0,person,445.77,247.20,461.19,267.73,22.383,228,walker.pedestrian.0014
224,40673,0,person,446.14,248.18,461.82,269.00,22.100,228,walker.pedestrian.0014
225,40674,0,person,447.79,249.41,463.86,270.63,21.747,228,walker.pedestrian.0014
226,40676,0,person,449.99,250.85,466.55,272.56,21.329,228,walker.pedestrian.0014
227,40679,0,person,453.68,252.64,470.82,274.93,20.898,228,walker.pedestrian.0014
228,40681,0,person,458.22,254.39,476.01,277.31,20.480,228,walker.pedestrian.0014
229,40683,0,person,461.56,256.15,479.94,279.62,20.109,228,walker.pedestrian.0014
230,40684,0,person,464.54,257.73,483.44,281.70,19.797,228,walker.pedestrian.0014
231,40686,0,person,466.33,258.84,485.75,283.31,19.455,228,walker.pedestrian.0014
232,40689,0,person,468.13,260.52,488.24,285.67,18.996,228,walker.pedestrian.0014
233,40691,0,person,471.71,261.99,492.74,288.06,18.461,228,walker.pedestrian.0014
234,40692,0,person,475.96,261.28,498.02,288.42,17.851,228,walker.pedestrian.0014
235,40695,0,person,484.22,259.89,507.51,288.28,17.271,228,walker.pedestrian.0014
236,40696,0,person,495.20,258.84,519.94,288.56,16.818,228,walker.pedestrian.0014
237,40699,0,person,505.34,258.71,531.55,289.96,16.338,228,walker.pedestrian.0014
238,40701,0,person,507.89,257.49,534.49,289.09,16.211,228,walker.pedestrian.0014
239,40702,0,person,512.89,252.94,540.11,285.24,15.965,228,walker.pedestrian.0014
240,40705,0,person,513.27,246.89,540.82,279.63,15.721,228,walker.pedestrian.0014
241,40707,0,person,510.15,240.89,537.96,273.83,15.510,228,walker.pedestrian.0014
242,40709,0,person,510.43,236.78,539.04,270.21,15.324,228,walker.pedestrian.0014
243,40710,0,person,512.49,231.02,542.07,265.37,15.020,228,walker.pedestrian.0014
244,40713,0,person,518.28,225.62,548.99,261.40,14.607,228,walker.pedestrian.0014
245,40715,0,person,527.04,221.46,557.44,259.22,14.091,228,walker.pedestrian.0014
246,40716,0,person,535.22,222.23,565.94,262.44,13.386,228,walker.pedestrian.0014
247,40719,0,person,541.64,223.26,578.92,266.31,12.651,228,walker.pedestrian.0014
248,40721,0,person,549.73,224.48,591.63,270.84,11.954,228,walker.pedestrian.0014
249,40722,0,person,557.66,228.19,603.77,278.19,11.333,228,walker.pedestrian.0014
250,40725,0,person,564.72,231.99,614.91,285.73,10.783,228,walker.pedestrian.0014
251,40726,0,person,572.93,232.96,627.96,290.83,10.227,228,walker.pedestrian.0014
252,40728,0,person,583.97,234.42,639.00,297.55,9.642,228,walker.pedestrian.0014
253,40731,0,person,596.79,236.27,639.00,305.66,9.070,228,walker.pedestrian.0014
254,40732,0,person,613.75,238.19,639.00,315.75,8.554,228,walker.pedestrian.0014
395,41015,2,car,321.35,222.47,351.68,236.90,59.433,205,vehicle.dodge_charger.police
396,41017,2,car,353.96,223.39,385.32,238.13,58.665,205,vehicle.dodge_charger.police
397,41018,2,car,364.15,223.70,396.23,238.76,57.969,205,vehicle.dodge_charger.police
398,41021,2,car,351.67,223.27,383.70,238.54,57.364,205,vehicle.dodge_charger.police
399,41023,2,car,317.53,223.23,349.22,238.69,56.867,205,vehicle.dodge_charger.police
400,41024,2,car,271.73,223.18,303.96,239.01,56.434,205,vehicle.dodge_charger.police
401,41027,2,car,216.75,223.45,251.25,240.11,56.013,205,vehicle.dodge_charger.police
402,41029,2,car,162.36,223.61,200.82,241.39,55.630,205,vehicle.dodge_charger.police
403,41030,2,car,154.67,222.92,194.16,240.83,55.090,205,vehicle.dodge_charger.police
404,41033,2,car,192.30,222.41,229.28,239.55,54.413,205,vehicle.dodge_charger.police
405,41034,2,car,248.66,222.71,283.22,239.24,53.621,205,vehicle.dodge_charger.police
406,41037,2,car,268.75,223.00,303.29,239.79,52.747,205,vehicle.dodge_charger.police
407,41039,2,car,263.39,223.25,298.69,240.50,51.813,205,vehicle.dodge_charger.police
408,41040,2,car,238.48,223.88,275.31,241.86,50.865,205,vehicle.dodge_charger.police
409,41043,2,car,178.16,225.97,219.23,245.56,50.226,205,vehicle.dodge_charger.police
410,41044,2,car,99.43,227.29,149.06,249.25,49.920,205,vehicle.dodge_charger.police
411,41047,2,car,27.04,227.12,87.65,251.62,49.727,205,vehicle.dodge_charger.police
412,41048,2,car,0.00,226.24,59.82,252.07,49.417,205,vehicle.dodge_charger.police
413,41051,2,car,25.57,225.03,87.32,249.54,48.932,205,vehicle.dodge_charger.police
414,41052,2,car,66.65,225.59,122.28,248.89,48.458,205,vehicle.dodge_charger.police
415,41054,2,car,101.52,225.13,152.68,247.36,48.012,205,vehicle.dodge_charger.police
416,41057,2,car,142.96,224.79,189.68,245.99,47.471,205,vehicle.dodge_charger.police
417,41059,2,car,136.96,225.60,184.85,247.46,46.934,205,vehicle.dodge_charger.police
418,41061,2,car,114.86,225.83,165.94,248.64,46.365,205,vehicle.dodge_charger.police
419,41062,2,car,93.60,226.14,148.19,249.98,45.732,205,vehicle.dodge_charger.police
420,41065,2,car,79.70,226.52,137.00,251.12,45.110,205,vehicle.dodge_charger.police
421,41066,2,car,77.47,226.82,135.76,251.77,44.540,205,vehicle.dodge_charger.police
422,41069,2,car,79.80,227.07,138.29,252.19,44.049,205,vehicle.dodge_charger.police
423,41070,2,car,85.42,227.05,143.56,252.16,43.622,205,vehicle.dodge_charger.police
424,41073,2,car,92.27,226.83,149.91,251.94,43.174,205,vehicle.dodge_charger.police
425,41074,2,car,96.67,226.71,154.27,251.94,42.652,205,vehicle.dodge_charger.police
426,41077,2,car,97.84,227.00,155.93,252.52,42.099,205,vehicle.dodge_charger.police
427,41078,2,car,95.59,227.31,154.68,253.25,41.557,205,vehicle.dodge_charger.police
428,41081,2,car,91.65,227.41,152.04,253.84,41.001,205,vehicle.dodge_charger.police
429,41083,2,car,87.64,227.58,149.45,254.55,40.377,205,vehicle.dodge_charger.police
430,41084,2,car,84.52,227.75,147.72,255.28,39.703,205,vehicle.dodge_charger.police
431,41087,2,car,82.17,227.95,146.79,256.07,38.947,205,vehicle.dodge_charger.police
432,41089,2,car,80.54,228.43,146.54,257.16,38.160,205,vehicle.dodge_charger.police
433,41090,2,car,78.34,228.91,145.85,258.31,37.378,205,vehicle.dodge_charger.police
434,41092,2,car,74.87,229.56,144.08,259.69,36.655,205,vehicle.dodge_charger.police
435,41095,2,car,70.39,230.12,141.35,260.95,36.046,205,vehicle.dodge_charger.police
436,41096,2,car,65.15,230.29,137.97,261.84,35.484,205,vehicle.dodge_charger.police
437,41098,2,car,59.03,230.58,133.91,262.91,34.943,205,vehicle.dodge_charger.police
438,41101,2,car,53.85,230.91,130.69,263.97,34.386,205,vehicle.dodge_charger.police
439,41102,2,car,50.31,231.04,128.77,264.74,33.884,205,vehicle.dodge_charger.police
440,41105,2,car,46.90,230.58,127.21,264.99,33.295,205,vehicle.dodge_charger.police
441,41106,2,car,43.98,229.98,126.44,265.23,32.561,205,vehicle.dodge_charger.police
442,41109,2,car,41.01,229.27,126.03,265.56,31.700,205,vehicle.dodge_charger.police
443,41111,2,car,37.81,228.44,125.85,265.94,30.728,205,vehicle.dodge_charger.police
444,41112,2,car,35.21,227.57,126.45,266.38,29.706,205,vehicle.dodge_charger.police
445,41114,2,car,34.42,226.49,128.61,266.52,28.714,205,vehicle.dodge_charger.police
446,41116,2,car,36.06,225.04,132.62,266.04,27.802,205,vehicle.dodge_charger.police
447,41119,2,car,40.10,223.40,138.36,264.72,26.971,205,vehicle.dodge_charger.police
448,41120,2,car,44.83,221.63,144.86,262.84,26.143,205,vehicle.dodge_charger.police
449,41123,2,car,49.18,220.44,151.42,260.84,25.248,205,vehicle.dodge_charger.police
450,41124,2,car,51.80,219.78,156.93,259.32,24.331,205,vehicle.dodge_charger.police
451,41127,2,car,54.07,219.24,162.04,257.59,23.404,205,vehicle.dodge_charger.police
452,41128,2,car,57.58,218.28,168.33,256.52,22.405,205,vehicle.dodge_charger.police
453,41131,2,car,60.95,217.72,175.46,256.21,21.331,205,vehicle.dodge_charger.police
454,41132,2,car,64.79,217.83,183.62,255.97,20.176,205,vehicle.dodge_charger.police
455,41134,2,car,68.56,218.34,192.72,255.82,18.926,205,vehicle.dodge_charger.police
456,41136,2,car,72.27,219.21,202.68,256.88,17.660,205,vehicle.dodge_charger.police
457,41139,2,car,76.65,219.89,214.01,259.06,16.430,205,vehicle.dodge_charger.police
458,41140,2,car,89.13,220.90,230.86,261.80,15.380,205,vehicle.dodge_charger.police
459,41143,2,car,109.48,221.64,251.41,263.71,14.654,205,vehicle.dodge_charger.police
460,41144,2,car,134.80,221.58,273.09,263.62,14.288,205,vehicle.dodge_charger.police
461,41147,2,car,172.82,220.72,305.52,262.86,13.876,205,vehicle.dodge_charger.police
462,41149,2,car,184.96,220.59,315.86,262.77,13.775,205,vehicle.dodge_charger.police
463,41150,2,car,208.86,220.46,338.88,262.67,13.623,205,vehicle.dodge_charger.police
464,41153,2,car,232.17,220.41,362.20,262.64,13.534,205,vehicle.dodge_charger.police
465,41154,2,car,255.26,220.40,385.31,262.62,13.504,205,vehicle.dodge_charger.police
466,41157,2,car,278.33,220.40,408.38,262.61,13.533,205,vehicle.dodge_charger.police
467,41159,2,car,312.07,220.39,442.14,262.63,13.680,205,vehicle.dodge_charger.police
468,41160,2,car,321.83,220.38,452.20,262.65,13.747,205,vehicle.dodge_charger.police
469,41162,2,car,338.74,220.39,471.93,262.65,13.909,205,vehicle.dodge_charger.police
470,41165,2,car,355.92,220.41,492.16,262.63,14.116,205,vehicle.dodge_charger.police
471,41166,2,car,373.85,220.42,513.28,262.62,14.374,205,vehicle.dodge_charger.police
472,41168,2,car,393.23,220.44,536.10,262.60,14.698,205,vehicle.dodge_charger.police
473,41171,2,car,414.55,220.45,561.20,262.59,15.105,205,vehicle.dodge_charger.police
474,41172,2,car,436.92,220.43,587.53,262.59,15.585,205,vehicle.dodge_charger.police
475,41175,2,car,458.61,220.43,613.06,262.67,16.098,205,vehicle.dodge_charger.police
476,41177,2,car,485.73,220.40,639.00,262.76,16.798,205,vehicle.dodge_charger.police
477,41178,2,car,492.95,220.39,639.00,262.77,16.994,205,vehicle.dodge_charger.police
478,41181,2,car,506.04,220.40,639.00,262.76,17.361,205,vehicle.dodge_charger.police
479,41183,2,car,519.41,220.44,639.00,262.71,17.747,205,vehicle.dodge_charger.police
480,41184,2,car,534.78,220.47,639.00,262.66,18.206,205,vehicle.dodge_charger.police
481,41187,2,car,552.41,220.48,639.00,262.64,18.750,205,vehicle.dodge_charger.police
482,41189,2,car,572.25,220.49,639.00,262.64,19.383,205,vehicle.dodge_charger.police
483,41191,2,car,593.22,220.49,639.00,262.67,20.074,205,vehicle.dodge_charger.police
484,41192,2,car,612.98,220.46,639.00,262.74,20.744,205,vehicle.dodge_charger.police
485,41195,2,car,629.55,220.44,639.00,262.81,21.318,205,vehicle.dodge_charger.police
529,41282,2,car,604.20,216.89,635.15,234.12,45.285,205,vehicle.dodge_charger.police
530,41284,2,car,586.51,217.71,615.65,234.46,45.484,205,vehicle.dodge_charger.police
531,41286,2,car,606.58,218.07,638.55,235.32,45.722,205,vehicle.dodge_charger.police
532,41289,2,car,623.44,217.30,639.00,234.93,45.925,205,vehicle.dodge_charger.police
533,41291,2,car,628.14,216.09,639.00,233.76,46.016,205,vehicle.dodge_charger.police
534,41292,2,car,578.55,214.56,626.09,230.80,45.868,205,vehicle.dodge_charger.police
535,41295,2,car,501.10,214.56,544.89,229.02,45.559,205,vehicle.dodge_charger.police
536,41297,2,car,428.72,215.19,469.02,228.29,45.190,205,vehicle.dodge_charger.police
537,41298,2,car,361.22,215.94,396.98,228.16,45.027,205,vehicle.dodge_charger.police
538,41300,2,car,301.19,216.32,333.65,228.31,44.946,205,vehicle.dodge_charger.police
539,41303,2,car,309.12,216.24,339.89,228.40,44.859,205,vehicle.dodge_charger.police
540,41304,2,car,356.03,217.01,386.79,229.32,44.838,205,vehicle.dodge_charger.police
541,41307,2,car,402.92,217.51,436.23,230.17,44.795,205,vehicle.dodge_charger.police
542,41308,2,car,470.04,218.01,511.74,231.80,44.836,205,vehicle.dodge_charger.police
543,41310,2,car,494.63,215.91,544.36,231.12,44.547,205,vehicle.dodge_charger.police
544,41313,2,car,472.78,214.82,523.28,230.38,43.931,205,vehicle.dodge_charger.police
545,41315,2,car,450.63,214.95,500.42,230.18,43.125,205,vehicle.dodge_charger.police
546,41316,2,car,390.89,215.07,435.11,228.96,42.114,205,vehicle.dodge_charger.police
547,41318,2,car,328.07,216.23,369.78,229.25,41.382,205,vehicle.dodge_charger.police
548,41320,2,car,292.67,216.66,335.11,229.85,40.994,205,vehicle.dodge_charger.police
549,41322,2,car,282.14,216.75,323.92,230.19,40.827,205,vehicle.dodge_charger.police
550,41324,2,car,316.41,216.97,356.33,230.56,40.613,205,vehicle.dodge_charger.police
551,41326,2,car,366.10,217.18,407.69,231.18,40.312,205,vehicle.dodge_charger.police
552,41329,2,car,445.61,218.53,496.18,233.55,40.061,205,vehicle.dodge_charger.police
553,41331,2,car,542.89,218.77,614.21,236.32,39.802,205,vehicle.dodge_charger.police
554,41333,2,car,556.59,214.77,634.42,232.99,39.100,205,vehicle.dodge_charger.police
555,41335,2,car,508.58,214.65,576.08,231.99,38.068,205,vehicle.dodge_charger.police
556,41337,2,car,462.02,215.45,519.87,232.17,36.909,205,vehicle.dodge_charger.police
557,41338,2,car,404.69,216.46,456.01,232.08,36.160,205,vehicle.dodge_charger.police
558,41340,2,car,354.17,216.87,404.01,232.26,35.765,205,vehicle.dodge_charger.police
559,41342,2,car,365.76,217.47,416.98,232.97,35.586,205,vehicle.dodge_charger.police
560,41344,2,car,414.67,217.79,468.70,234.27,35.474,205,vehicle.dodge_charger.police
561,41346,2,car,469.05,218.31,527.59,236.17,35.335,205,vehicle.dodge_charger.police
562,41349,2,car,566.88,220.07,639.00,240.84,35.429,205,vehicle.dodge_charger.police
565,41354,2,car,612.66,215.27,639.00,238.87,34.414,205,vehicle.dodge_charger.police
566,41357,2,car,540.80,215.17,628.20,236.32,33.579,205,vehicle.dodge_charger.police
567,41359,2,car,477.45,216.60,549.58,235.62,33.012,205,vehicle.dodge_charger.police
568,41360,2,car,448.30,217.27,514.85,235.70,32.777,205,vehicle.dodge_charger.police
569,41362,2,car,481.01,218.79,551.17,238.13,32.817,205,vehicle.dodge_charger.police
570,41365,2,car,559.81,219.66,639.00,241.86,33.032,205,vehicle.dodge_charger.police
971,42166,2,car,312.21,255.62,325.60,265.45,59.435,201,vehicle.mini.cooperst
972,42169,2,car,312.19,256.24,325.76,266.16,58.658,201,vehicle.mini.cooperst
973,42170,2,car,312.24,257.10,326.00,267.12,57.870,201,vehicle.mini.cooperst
974,42172,2,car,312.36,257.94,326.29,268.05,57.146,201,vehicle.mini.cooperst
975,42175,2,car,312.50,258.63,326.59,268.81,56.520,201,vehicle.mini.cooperst
976,42176,2,car,311.83,259.08,326.05,269.33,55.981,201,vehicle.mini.cooperst
977,42180,2,car,312.20,259.35,326.64,269.71,55.134,201,vehicle.mini.cooperst
978,42181,2,car,312.38,259.59,326.91,269.99,54.822,201,vehicle.mini.cooperst
979,42183,2,car,312.79,260.21,327.49,270.69,54.200,201,vehicle.mini.cooperst
980,42185,2,car,313.94,260.81,328.82,271.37,53.580,201,vehicle.mini.cooperst
981,42186,2,car,317.14,261.34,332.22,272.01,52.871,201,vehicle.mini.cooperst
982,42189,2,car,325.03,262.66,340.40,273.50,52.050,201,vehicle.mini.cooperst
983,42190,2,car,340.42,264.40,356.25,275.49,51.143,201,vehicle.mini.cooperst
984,42193,2,car,367.29,266.95,384.01,278.45,50.184,201,vehicle.mini.cooperst
985,42194,2,car,406.47,270.38,424.80,282.53,49.362,201,vehicle.mini.cooperst
986,42197,2,car,452.70,274.24,473.53,287.31,48.784,201,vehicle.mini.cooperst
987,42199,2,car,498.09,278.54,522.17,292.70,48.413,201,vehicle.mini.cooperst
988,42201,2,car,553.13,283.48,582.16,299.16,48.225,201,vehicle.mini.cooperst
989,42202,2,car,551.74,282.01,580.99,297.61,47.819,201,vehicle.mini.cooperst
990,42205,2,car,535.80,282.13,564.26,297.40,47.188,201,vehicle.mini.cooperst
991,42206,2,car,533.34,282.45,561.76,297.68,47.023,201,vehicle.mini.cooperst
992,42209,2,car,531.98,282.84,560.68,298.09,46.683,201,vehicle.mini.cooperst
993,42210,2,car,538.73,284.10,568.56,299.70,46.291,201,vehicle.mini.cooperst
994,42213,2,car,556.61,287.04,588.89,303.50,45.868,201,vehicle.mini.cooperst
995,42214,2,car,591.41,292.40,628.52,310.48,45.455,201,vehicle.mini.cooperst
1006,42236,0,person,191.43,250.45,196.22,261.85,59.255,234,walker.pedestrian.0008
1007,42239,0,person,267.99,246.11,272.10,257.00,58.187,234,walker.pedestrian.0008
1008,42240,0,person,316.79,245.10,321.35,256.09,57.234,234,walker.pedestrian.0008
1009,42243,0,person,299.75,243.93,305.18,255.22,56.430,234,walker.pedestrian.0008
1010,42245,0,person,251.78,242.37,257.95,253.99,55.906,234,walker.pedestrian.0008
1011,42246,0,person,201.56,240.52,208.03,252.50,55.664,234,walker.pedestrian.0008
1012,42249,0,person,145.86,239.35,153.11,252.10,55.558,234,walker.pedestrian.0008
1013,42250,0,person,116.90,237.10,124.77,250.42,55.338,234,walker.pedestrian.0008
1014,42253,0,person,138.95,235.66,146.22,248.62,55.057,234,walker.pedestrian.0008
1015,42254,0,person,167.64,236.11,174.37,248.66,54.777,234,walker.pedestrian.0008
1016,42257,0,person,222.88,234.92,228.70,246.93,54.234,234,walker.pedestrian.0008
1017,42258,0,person,243.70,234.75,249.31,246.62,54.021,234,walker.pedestrian.0008
1018,42260,0,person,247.08,235.09,252.77,247.02,53.547,234,walker.pedestrian.0008
1019,42263,0,person,232.62,234.15,238.51,246.31,53.014,234,walker.pedestrian.0008
1020,42264,0,person,211.91,230.02,218.17,242.52,52.412,234,walker.pedestrian.0008
1021,42267,0,person,192.01,224.93,198.66,237.84,51.829,234,walker.pedestrian.0008
1022,42269,0,person,184.78,218.50,191.69,231.67,51.223,234,walker.pedestrian.0008
1023,42270,0,person,190.22,212.95,197.11,226.24,50.561,234,walker.pedestrian.0008
1024,42273,0,person,221.99,207.32,228.53,220.54,49.449,234,walker.pedestrian.0008
1025,42274,0,person,236.17,205.47,242.58,218.66,49.045,234,walker.pedestrian.0008
1026,42276,0,person,260.28,201.87,266.81,215.14,48.214,234,walker.pedestrian.0008
1027,42279,0,person,282.00,191.91,286.04,198.52,57.947,218,walker.pedestrian.0010
1027,42279,0,person,263.47,196.11,270.44,209.75,47.022,234,walker.pedestrian.0008
1028,42281,0,person,275.28,190.12,279.41,196.83,57.375,218,walker.pedestrian.0010
1028,42281,0,person,256.85,194.14,263.99,207.95,46.654,234,walker.pedestrian.0008
1029,42283,0,person,260.27,186.95,264.59,193.85,56.304,218,walker.pedestrian.0010
1029,42283,0,person,241.97,190.55,249.46,204.73,45.993,234,walker.pedestrian.0008
