frame_id,detection_count
1,57
2,52
3,45
4,49
5,63
6,39
7,34
8,46
9,62
10,52
11,54
12,63
13,58
14,54
15,40
16,68
17,58
18,56
19,51
20,73
21,65
22,82
23,87
24,123
25,116
26,87
27,96
28,120
29,127
30,128
31,118
32,57
33,90
34,66
35,53
36,92
37,74
38,122
39,82
40,107
41,107
42,69
43,67
44,74
45,82
46,76
47,43
48,84
49,47
50,55
51,67
52,55
53,88
54,89
55,95
56,103
57,63
58,87
59,51
60,65
61,66
62,60
63,98
64,85
65,65
66,44
67,43
68,91
69,103
70,121
71,117
72,120
73,92
74,106
75,107
76,91
77,105
78,62
79,107
80,94
81,57
82,108
83,111
84,83
85,133
86,115
87,126
88,111
89,90
90,88
91,83
92,91
93,94
94,143
95,114
96,115
97,94
98,125
99,85
100,109
101,86
102,107
103,83
104,73
105,58
106,67
107,85
108,99
109,74
110,113
111,117
112,92
113,108
114,79
115,107
116,98
117,98
118,119
119,100
120,132
121,92
122,174
123,142
124,225
125,198
126,168
127,112
128,90
129,121
130,81
131,89
132,111
133,85
134,80
135,129
136,124
137,194
138,150
139,136
140,176
141,117
142,89
143,80
144,146
145,136
146,197
147,118
148,71
149,49
150,55
151,22
152,60
153,17
154,7
155,7
156,3
157,11
158,11
159,18
160,7
161,15
162,36
163,6
164,10
165,41
166,29
167,19
168,22
169,18
170,25
171,16
172,33
173,36
174,9
175,90
176,34
177,136
178,133
179,153
180,172
181,181
182,25
183,38
184,199
185,72
186,98
187,66
188,45
189,27
190,37
191,46
192,36
193,31
194,54
195,63
196,29
197,50
198,26
199,31
200,88
201,60
202,73
203,80
204,50
205,59
206,104
207,120
208,103
209,143
210,140
211,120
212,87
213,59
214,36
215,37
216,80
217,39
218,48
219,63
220,70
221,47
222,68
223,49
224,51
225,57
226,81
227,89
228,77
229,68
230,99
231,97
232,145
233,138
234,197
235,162
236,170
237,106
238,63
239,89
240,75
241,113
242,129
243,99
244,78
245,78
246,115
247,68
248,179
249,138
250,153
251,108
252,162
253,115
254,83
255,83
256,91
257,74
258,74
259,92
260,116
261,133
262,85
263,118
264,106
265,80
266,83
267,85
268,136
269,109
270,101
271,86
272,92
273,105
274,137
275,141
276,108
277,94
278,90
279,115
280,90
281,111
282,107
283,62
284,50
285,39
286,68
287,55
288,68
289,76
290,65
291,63
292,63
293,43
294,85
295,42
296,70
297,71
298,127
299,111
300,54
301,111
302,175
303,121
304,76
305,75
306,74
307,60
308,46
309,57
310,36
311,45
312,28
313,20
314,25
315,25
316,21
317,36
318,31
319,65
320,32
321,55
322,68
323,73
324,43
325,72
326,46
327,61
328,57
329,74
330,56
331,34
332,54
333,38
334,50
335,44
336,64
337,39
338,55
339,34
340,65
341,69
342,42
343,55
344,57
345,63
346,27
347,44
348,66
349,58
350,62
351,54
352,72
353,62
354,43
355,52
356,60
357,76
358,64
359,58
360,81
361,67
362,65
363,57
364,59
365,53
366,73
367,40
368,96
369,85
370,58
371,48
372,51
373,45
374,42
375,61
376,59
377,113
378,59
379,85
380,112
381,89
382,124
383,79
384,127
385,93
386,104
387,54
388,41
389,21
390,29
391,56
392,25
393,54
394,34
395,23
396,59
397,20
398,21
399,12
400,30
401,27
402,20
403,37
404,29
405,64
406,30
407,50
408,58
409,56
410,51
411,96
412,123
413,51
414,42
415,49
416,57
417,90
418,89
419,121
420,71
421,94
422,120
423,138
424,115
425,116
426,88
427,97
428,102
429,70
430,90
431,70
432,72
433,65
434,64
435,84
436,72
437,52
438,69
439,35
440,52
441,50
442,42
443,42
444,58
445,102
446,103
447,74
448,56
449,32
450,45
451,94
452,110
453,132
454,143
455,84
456,126
457,59
458,69
459,66
460,99
461,46
462,67
463,83
464,93
465,83
466,71
467,51
468,82
469,69
470,131
471,110
472,95
473,82
474,82
475,83
476,121
477,122
478,98
479,104
480,122
481,107
482,100
483,94
484,125
485,125
486,99
487,31
488,39
489,77
490,48
491,46
492,53
493,54
494,42
495,69
496,77
497,61
498,44
499,58
500,71
501,59
502,60
503,63
504,61
505,68
506,77
507,59
508,63
509,47
510,75
511,66
512,70
513,26
514,16
515,22
516,9
517,33
518,21
519,7
520,33
521,10
522,12
523,26
524,81
525,41
526,12
527,33
528,92
529,57
530,93
531,87
532,76
533,91
534,81
535,89
536,94
537,90
538,119
539,119
540,111
541,129
542,128
543,145
544,82
545,111
546,105
547,109
548,214
549,65
550,86
551,30
552,53
553,117
554,109
555,63
556,48
557,36
558,21
559,48
560,19
561,33
562,40
563,129
564,28
565,61
566,64
567,23
568,75
569,30
570,50
571,15
572,32
573,30
574,40
575,84
576,61
577,64
578,71
579,108
580,109
581,81
582,94
583,105
584,87
585,74
586,78
587,84
588,190
589,119
590,165
591,103
592,105
593,94
594,100
595,148
596,166
597,117
598,128
599,95
600,94
601,140
602,133
603,164
604,128
605,124
606,93
607,75
608,83
609,156
610,112
611,122
612,97
613,126
614,84
615,69
616,56
617,102
618,96
619,70
620,59
621,87
622,60
623,82
624,60
625,68
626,41
627,52
628,32
629,41
630,32
631,35
632,69
633,48
634,73
635,58
636,35
637,32
638,26
639,28
640,51
641,46
642,36
643,48
644,52
645,43
646,66
647,84
648,78
649,74
650,73
651,59
652,58
653,45
654,47
655,63
656,87
657,74
658,71
659,76
660,55
661,69
662,42
663,72
664,50
665,49
666,46
667,20
668,24
669,35
670,35
671,28
672,29
673,22
674,18
675,13
676,36
677,28
678,41
679,76
680,65
681,51
682,56
683,45
684,48
685,111
686,105
687,64
688,58
689,46
690,37
691,41
692,58
693,77
694,78
695,33
696,36
697,61
698,32
699,45
700,66
701,101
702,58
703,34
704,28
705,20
706,27
707,29
708,4
709,7
710,14
711,111
712,121
713,108
714,146
715,120
716,85
717,64
718,123
719,71
720,71
721,99
722,138
723,103
724,103
725,88
726,88
727,84
728,75
729,43
730,68
731,133
732,67
733,87
734,72
735,129
736,93
737,78
738,116
739,87
740,95
741,77
742,137
743,108
744,94
745,100
746,139
747,90
748,111
749,128
750,169
751,125
752,140
753,135
754,135
755,188
756,104
757,110
758,84
759,96
760,98
761,73
762,92
763,111
764,147
765,155
766,117
767,143
768,112
769,163
770,143
771,155
772,89
773,92
774,71
775,127
776,90
777,157
778,180
779,142
780,176
781,157
782,109
783,106
784,103
785,93
786,86
787,112
788,152
789,147
790,170
791,96
792,190
793,201
794,154
795,199
796,123
797,126
798,128
799,118
800,142
801,145
802,147
803,27
804,49
805,30
806,41
807,10
808,19
809,37
810,18
811,26
812,28
813,31
814,26
815,22
816,63
817,35
818,87
819,13
820,12
821,10
822,12
823,41
824,36
825,54
826,13
827,52
828,110
829,20
830,28
831,24
832,25
833,19
834,9
835,29
836,55
837,45
838,52
839,19
840,48
841,7
842,19
843,15
844,35
845,41
846,68
847,80
848,115
849,44
850,46
851,87
852,62
853,46
854,83
855,93
856,95
857,114
858,142
859,112
860,95
861,109
862,153
863,186
864,95
865,48
866,80
867,96
868,85
869,43
870,15
871,30
872,46
873,38
874,39
875,54
876,61
877,57
878,42
879,62
880,60
881,94
882,103
883,72
884,128
885,107
886,150
887,160
888,114
889,135
890,92
891,81
892,99
893,103
894,98
895,67
896,77
897,127
898,133
899,116
900,129
901,130
902,119
903,124
904,111
905,112
906,95
907,85
908,111
909,86
910,89
911,87
912,118
913,86
914,94
915,94
916,129
917,78
918,107
919,116
920,95
921,97
922,105
923,95
924,78
925,88
926,116
927,141
928,75
929,82
930,109
931,100
932,124
933,94
934,109
935,95
936,53
937,54
938,57
939,68
940,56
941,37
942,60
943,73
944,62
945,65
946,59
947,78
948,80
949,68
950,96
951,120
952,92
953,165
954,150
955,67
956,110
957,104
958,91
959,119
960,37
961,46
962,40
963,48
964,27
965,38
966,41
967,23
968,37
969,39
970,38
971,36
972,28
973,33
974,65
975,44
976,33
977,59
978,72
979,87
980,93
981,82
982,98
983,81
984,143
985,125
986,114
987,78
988,137
989,92
990,167
991,202
992,176
993,195
994,114
995,122
996,140
997,182
998,197
999,206
1000,109
