sample,timestamp,gpu_percent,memory_used_mib,power_w,temperature_c
1,2026-10-04 12:49:03,19, 3165, [N/A], 42
2,2026-10-04 12:49:04,20, 3165, [N/A], 42
3,2026-10-04 12:49:05,53, 3165, [N/A], 43
4,2026-10-04 12:49:06,44, 3164, [N/A], 43
5,2026-10-04 12:49:07,22, 3162, [N/A], 43
6,2026-10-04 12:49:08,52, 3158, [N/A], 42
7,2026-10-04 12:49:09,50, 3167, [N/A], 42
8,2026-10-04 12:49:10,38, 3168, [N/A], 42
9,2026-10-04 12:49:11,24, 3167, [N/A], 42
10,2026-10-04 12:49:12,23, 3161, [N/A], 42
11,2026-10-04 12:49:14,15, 3163, [N/A], 43
12,2026-10-04 12:49:15,41, 3158, [N/A], 42
13,2026-10-04 12:49:16,40, 3165, [N/A], 41
14,2026-10-04 12:49:17,45, 3160, [N/A], 42
15,2026-10-04 12:49:18,20, 3161, [N/A], 41
16,2026-10-04 12:49:19,23, 3155, [N/A], 41
17,2026-10-04 12:49:20,21, 3155, [N/A], 41
18,2026-10-04 12:49:21,52, 3136, [N/A], 42
19,2026-10-04 12:49:22,30, 3136, [N/A], 41
20,2026-10-04 12:49:23,48, 3142, [N/A], 42
21,2026-10-04 12:49:24,29, 3142, [N/A], 42
22,2026-10-04 12:49:25,60, 3138, [N/A], 41
23,2026-10-04 12:49:26,40, 3138, [N/A], 41
24,2026-10-04 12:49:27,40, 3138, [N/A], 41
25,2026-10-04 12:49:28,25, 3138, [N/A], 41
26,2026-10-04 12:49:29,36, 3138, [N/A], 41
27,2026-10-04 12:49:30,57, 3138, [N/A], 40
28,2026-10-04 12:49:31,25, 3138, [N/A], 40
29,2026-10-04 12:49:32,22, 3138, [N/A], 41
30,2026-10-04 12:49:34,21, 3138, [N/A], 40
31,2026-10-04 12:49:35,20, 3138, [N/A], 41
32,2026-10-04 12:49:36,56, 3138, [N/A], 40
33,2026-10-04 12:49:37,35, 3138, [N/A], 40
34,2026-10-04 12:49:38,20, 3138, [N/A], 41
35,2026-10-04 12:49:39,32, 3138, [N/A], 41
36,2026-10-04 12:49:40,52, 3138, [N/A], 41
37,2026-10-04 12:49:41,20, 3138, [N/A], 42
38,2026-10-04 12:49:42,29, 3138, [N/A], 41
39,2026-10-04 12:49:43,29, 3138, [N/A], 40
40,2026-10-04 12:49:44,20, 3138, [N/A], 41
41,2026-10-04 12:49:45,48, 3138, [N/A], 41
42,2026-10-04 12:49:46,59, 3138, [N/A], 40
43,2026-10-04 12:49:47,6, 3138, [N/A], 41
44,2026-10-04 12:49:48,33, 3138, [N/A], 40
45,2026-10-04 12:49:49,5, 3138, [N/A], 40
46,2026-10-04 12:49:50,53, 3138, [N/A], 41
47,2026-10-04 12:49:51,38, 3138, [N/A], 40
48,2026-10-04 12:49:52,26, 3138, [N/A], 40
49,2026-10-04 12:49:54,37, 3138, [N/A], 40
50,2026-10-04 12:49:55,52, 3138, [N/A], 42
51,2026-10-04 12:49:56,32, 3138, [N/A], 40
52,2026-10-04 12:49:57,32, 3138, [N/A], 40
53,2026-10-04 12:49:58,46, 3138, [N/A], 41
54,2026-10-04 12:49:59,19, 3138, [N/A], 40
55,2026-10-04 12:50:00,0, 3138, [N/A], 40
56,2026-10-04 12:50:01,10, 3138, [N/A], 41
57,2026-10-04 12:50:02,29, 3138, [N/A], 40
58,2026-10-04 12:50:03,9, 3138, [N/A], 40
59,2026-10-04 12:50:04,15, 3138, [N/A], 40
60,2026-10-04 12:50:05,35, 3138, [N/A], 40
