sample,total_cpu,cpu0,cpu1,cpu2,cpu3,app_cpu,ram_used_mb,ram_available_mb,app_rss_mb,cma_free_mb,ps_temp_c,pl_temp_c,rx_mbps,tx_mbps
1,30.09,8.02,91.32,9.43,10.94,28.96,2554.4,1378.26,42.08,236.0,31.12,27.87,9.924,19.584
2,31.81,11.01,92.66,11.82,13.64,29.29,2555.8,1376.86,42.08,236.0,29.67,28.65,3.781,7.816
3,31.65,11.11,91.82,10.09,11.93,29.13,2555.84,1376.82,42.08,236.0,29.66,28.83,3.931,7.657
4,31.49,52.78,46.36,14.95,11.82,29.66,2557.28,1375.38,42.08,236.0,28.88,28.09,3.922,7.806
5,31.72,92.66,7.34,11.93,14.81,28.51,2556.24,1376.42,42.08,236.0,28.79,27.09,3.923,7.653
6,31.32,10.28,10.19,14.81,90.83,29.7,2558.02,1374.64,42.08,236.0,28.26,29.19,3.898,7.719
7,32.41,8.33,17.27,11.11,91.74,28.74,2561.21,1371.45,42.08,236.0,29.16,29.05,3.704,8.456
8,31.8,7.55,12.15,13.64,91.67,29.03,2560.57,1372.09,42.08,236.0,29.05,27.99,4.12,7.598
9,31.97,11.71,11.82,12.73,91.96,29.02,2560.56,1372.1,42.08,236.0,29.72,28.46,3.945,7.648
10,32.05,74.77,14.55,13.39,25.69,29.09,2560.56,1372.1,42.08,236.0,28.66,28.74,3.708,7.59
11,31.65,92.66,11.93,12.04,9.26,28.9,2560.56,1372.1,42.08,236.0,30.09,28.68,3.71,7.565
12,31.49,90.83,12.96,14.55,8.33,29.43,2560.56,1372.1,42.08,236.0,28.8,28.83,3.918,7.825
13,31.95,92.45,12.73,11.21,11.61,28.74,2560.56,1372.1,42.08,236.0,29.64,28.13,3.916,7.735
14,31.26,91.89,13.76,8.26,12.04,28.97,2560.32,1372.34,42.08,236.0,29.41,29.05,3.698,7.833
15,31.28,92.45,11.82,13.64,8.26,28.54,2560.32,1372.34,42.08,236.0,28.74,29.21,2.842,6.907
16,31.65,91.74,12.84,11.93,10.0,28.9,2560.07,1372.59,42.08,236.0,28.58,28.83,3.638,7.3
17,31.28,92.73,11.11,10.81,9.17,28.54,2560.07,1372.59,42.08,236.0,29.73,28.46,3.319,6.898
18,30.8,92.59,9.17,12.84,9.26,29.2,2560.08,1372.58,42.08,236.0,27.95,27.22,3.455,6.94
19,32.04,92.79,12.96,13.51,9.01,29.06,2560.08,1372.58,42.08,236.0,29.98,27.59,2.517,6.945
20,30.95,91.59,15.45,10.19,6.6,28.64,2559.34,1373.32,42.08,236.0,29.97,28.93,3.276,6.717
21,31.25,92.52,10.28,14.68,9.17,29.17,2557.88,1374.78,42.08,236.0,29.05,27.84,2.631,6.844
22,31.87,91.67,12.04,15.45,7.48,29.56,2557.84,1374.82,42.08,236.0,29.05,27.99,3.146,6.791
23,31.58,91.96,11.93,12.04,8.33,28.6,2558.08,1374.58,42.08,236.0,29.59,27.93,2.646,6.621
24,31.95,91.67,14.81,12.96,7.41,28.97,2557.84,1374.82,42.08,236.0,29.61,28.1,3.681,7.488
25,31.11,92.66,11.82,13.76,8.33,29.03,2557.84,1374.82,42.08,236.0,30.7,29.0,3.057,7.013
26,31.34,91.67,13.76,11.01,9.17,29.26,2557.84,1374.82,42.08,236.0,30.06,28.41,2.417,6.983
27,31.34,92.59,11.93,13.89,6.48,29.03,2557.85,1374.81,42.08,236.0,29.1,28.72,3.009,6.153
28,31.72,91.74,11.82,15.6,7.41,28.97,2557.6,1375.06,42.08,236.0,28.8,27.26,3.247,6.768
29,31.32,91.67,12.15,13.89,7.41,29.23,2557.85,1374.81,42.08,236.0,30.31,29.63,2.606,6.691
30,31.65,91.82,13.89,12.84,8.33,28.9,2558.1,1374.56,42.08,236.0,30.26,29.1,3.02,6.598
31,31.41,92.66,12.84,10.28,8.26,28.41,2557.85,1374.81,42.08,236.0,29.02,28.71,3.132,6.783
32,31.65,92.59,13.08,12.73,8.26,29.13,2558.34,1374.32,42.08,236.0,30.14,28.88,3.214,6.769
33,32.12,91.89,15.45,12.61,9.17,28.7,2557.86,1374.8,42.08,236.0,29.81,28.24,3.065,6.773
34,31.25,90.91,15.74,9.35,9.09,29.86,2557.35,1375.31,42.08,236.0,30.31,28.49,3.058,6.767
35,31.11,91.59,12.73,14.02,3.81,28.8,2557.61,1375.05,42.08,236.0,30.37,28.68,3.123,6.899
36,31.41,91.74,11.93,15.74,6.48,29.1,2557.86,1374.8,42.08,236.0,30.34,28.4,3.003,6.962
37,31.34,91.67,12.73,15.6,4.72,29.26,2557.86,1374.8,42.08,236.0,29.86,28.83,2.611,6.784
38,30.93,92.52,10.38,14.02,7.27,28.6,2557.61,1375.05,42.08,236.0,29.11,28.72,3.501,7.0
39,31.74,92.66,11.71,12.73,11.01,29.22,2557.61,1375.05,42.08,236.0,30.65,29.52,3.329,7.191
40,30.7,91.51,11.93,13.64,9.26,29.53,2558.36,1374.3,42.08,236.0,29.98,28.74,2.855,7.099
41,30.95,91.67,11.21,12.96,6.54,28.64,2557.86,1374.8,42.08,236.0,30.12,27.96,3.283,7.272
42,31.9,91.82,12.61,10.0,13.39,29.19,2558.36,1374.3,42.08,236.0,28.51,28.38,3.267,7.163
43,31.82,90.99,10.91,16.22,8.18,29.09,2558.6,1374.06,42.08,236.0,28.86,28.54,3.706,7.206
44,32.12,91.82,12.84,14.55,8.33,28.47,2557.88,1374.78,42.08,236.0,29.58,28.47,3.455,7.404
45,31.51,91.67,11.93,16.36,8.11,29.45,2558.6,1374.06,42.08,236.0,29.49,28.91,3.482,7.318
46,31.59,91.89,9.91,13.89,9.09,27.95,2557.37,1375.29,42.08,236.0,30.57,28.61,3.475,7.464
47,31.28,92.73,10.09,14.68,7.34,28.77,2557.36,1375.3,42.08,236.0,29.27,27.92,3.277,7.599
48,31.57,80.37,12.84,12.84,19.63,29.03,2559.3,1373.36,42.08,236.0,30.65,29.92,3.656,6.721
49,31.48,12.04,11.93,12.04,91.82,28.94,2560.25,1372.41,42.08,236.0,29.28,29.0,3.58,7.566
50,32.03,11.93,17.43,11.11,87.96,28.8,2560.24,1372.42,42.08,236.0,29.55,28.2,3.747,7.686
51,32.03,9.26,12.96,13.64,91.59,29.03,2560.7,1371.96,42.08,236.0,30.48,28.01,3.827,8.273
52,31.41,6.6,12.96,13.64,91.67,29.33,2561.41,1371.25,42.08,236.0,29.73,28.49,3.327,7.484
53,31.58,38.53,25.23,12.04,50.91,29.29,2560.89,1371.77,42.08,236.0,29.3,27.74,3.629,7.365
54,31.81,14.02,92.66,12.73,9.01,29.06,2561.05,1371.61,42.08,236.0,30.04,28.55,3.513,7.183
55,31.65,11.01,91.82,12.04,10.09,29.59,2560.87,1371.79,42.08,236.0,29.56,27.62,3.191,7.226
56,31.95,14.68,91.67,14.55,8.18,28.97,2559.35,1373.31,42.08,236.0,29.49,29.08,3.554,7.254
57,31.25,14.95,91.74,10.19,9.26,29.17,2562.0,1370.66,42.08,236.0,28.75,28.09,3.443,7.295
58,31.32,10.28,91.43,17.27,6.6,29.47,2562.23,1370.43,42.08,236.0,30.22,27.88,3.477,7.428
59,32.03,10.28,91.89,13.76,9.17,29.03,2562.7,1369.96,42.08,236.0,29.63,29.07,3.455,7.466
60,32.95,16.67,91.74,12.84,10.28,29.03,2561.6,1371.06,42.08,236.0,29.39,28.2,3.463,7.359
